"_id",add_time,source
107.181.187.120:28826:zengboling:GWjn3jj53fc,2020-06-10T18:28:28.462Z,proxy-seller
107.181.187.120:28887:zengboling:GWjn3jj53fc,2020-06-10T18:28:28.462Z,proxy-seller
107.181.187.120:28878:zengboling:GWjn3jj53fc,2020-06-10T18:28:28.462Z,proxy-seller
107.181.187.120:28829:zengboling:GWjn3jj53fc,2020-06-10T18:28:28.462Z,proxy-seller
107.181.187.120:28848:zengboling:GWjn3jj53fc,2020-06-10T18:28:28.462Z,proxy-seller
107.181.187.120:28855:zengboling:GWjn3jj53fc,2020-06-10T18:28:28.462Z,proxy-seller
107.181.187.120:28884:zengboling:GWjn3jj53fc,2020-06-10T18:28:28.462Z,proxy-seller
107.181.187.120:28845:zengboling:GWjn3jj53fc,2020-06-10T18:28:28.462Z,proxy-seller
107.181.187.120:28850:zengboling:GWjn3jj53fc,2020-06-10T18:28:28.462Z,proxy-seller
107.181.187.120:28851:zengboling:GWjn3jj53fc,2020-06-10T18:28:28.462Z,proxy-seller
107.181.187.120:28854:zengboling:GWjn3jj53fc,2020-06-10T18:28:28.462Z,proxy-seller
107.181.187.120:28858:zengboling:GWjn3jj53fc,2020-06-10T18:28:28.462Z,proxy-seller
107.181.187.120:28825:zengboling:GWjn3jj53fc,2020-06-10T18:28:28.462Z,proxy-seller
107.181.187.120:28853:zengboling:GWjn3jj53fc,2020-06-10T18:28:28.462Z,proxy-seller
107.181.187.120:28885:zengboling:GWjn3jj53fc,2020-06-10T18:28:28.462Z,proxy-seller
107.181.187.120:28859:zengboling:GWjn3jj53fc,2020-06-10T18:28:28.462Z,proxy-seller
107.181.187.120:28869:zengboling:GWjn3jj53fc,2020-06-10T18:28:28.462Z,proxy-seller
107.181.187.120:28834:zengboling:GWjn3jj53fc,2020-06-10T18:28:28.462Z,proxy-seller
107.181.187.120:28830:zengboling:GWjn3jj53fc,2020-06-10T18:28:28.462Z,proxy-seller
107.181.187.120:28861:zengboling:GWjn3jj53fc,2020-06-10T18:28:28.462Z,proxy-seller
107.181.187.120:28827:zengboling:GWjn3jj53fc,2020-06-10T18:28:28.462Z,proxy-seller
107.181.187.120:28833:zengboling:GWjn3jj53fc,2020-06-10T18:28:28.462Z,proxy-seller
107.181.187.120:28837:zengboling:GWjn3jj53fc,2020-06-10T18:28:28.462Z,proxy-seller
107.181.187.120:28862:zengboling:GWjn3jj53fc,2020-06-10T18:28:28.462Z,proxy-seller
107.181.187.120:28886:zengboling:GWjn3jj53fc,2020-06-10T18:28:28.462Z,proxy-seller
107.181.187.120:28844:zengboling:GWjn3jj53fc,2020-06-10T18:28:28.462Z,proxy-seller
107.181.187.120:28870:zengboling:GWjn3jj53fc,2020-06-10T18:28:28.462Z,proxy-seller
107.181.187.120:28831:zengboling:GWjn3jj53fc,2020-06-10T18:28:28.462Z,proxy-seller
107.181.187.120:28874:zengboling:GWjn3jj53fc,2020-06-10T18:28:28.462Z,proxy-seller
107.181.187.120:28838:zengboling:GWjn3jj53fc,2020-06-10T18:28:28.462Z,proxy-seller
107.181.187.120:28852:zengboling:GWjn3jj53fc,2020-06-10T18:28:28.462Z,proxy-seller
107.181.187.120:28865:zengboling:GWjn3jj53fc,2020-06-10T18:28:28.462Z,proxy-seller
107.181.187.120:28867:zengboling:GWjn3jj53fc,2020-06-10T18:28:28.462Z,proxy-seller
107.181.187.120:28883:zengboling:GWjn3jj53fc,2020-06-10T18:28:28.462Z,proxy-seller
107.181.187.120:28846:zengboling:GWjn3jj53fc,2020-06-10T18:28:28.462Z,proxy-seller
107.181.187.120:28863:zengboling:GWjn3jj53fc,2020-06-10T18:28:28.462Z,proxy-seller
107.181.187.120:28843:zengboling:GWjn3jj53fc,2020-06-10T18:28:28.462Z,proxy-seller
107.181.187.120:28866:zengboling:GWjn3jj53fc,2020-06-10T18:28:28.462Z,proxy-seller
107.181.187.120:28856:zengboling:GWjn3jj53fc,2020-06-10T18:28:28.462Z,proxy-seller
107.181.187.120:28868:zengboling:GWjn3jj53fc,2020-06-10T18:28:28.462Z,proxy-seller
107.181.187.120:28860:zengboling:GWjn3jj53fc,2020-06-10T18:28:28.462Z,proxy-seller
107.181.187.120:28875:zengboling:GWjn3jj53fc,2020-06-10T18:28:28.462Z,proxy-seller
107.181.187.120:28877:zengboling:GWjn3jj53fc,2020-06-10T18:28:28.462Z,proxy-seller
107.181.187.120:28824:zengboling:GWjn3jj53fc,2020-06-10T18:28:28.462Z,proxy-seller
107.181.187.120:28872:zengboling:GWjn3jj53fc,2020-06-10T18:28:28.462Z,proxy-seller
107.181.187.120:28864:zengboling:GWjn3jj53fc,2020-06-10T18:28:28.462Z,proxy-seller
107.181.187.120:28873:zengboling:GWjn3jj53fc,2020-06-10T18:28:28.462Z,proxy-seller
107.181.187.120:28840:zengboling:GWjn3jj53fc,2020-06-10T18:28:28.462Z,proxy-seller
107.181.187.120:28842:zengboling:GWjn3jj53fc,2020-06-10T18:28:28.462Z,proxy-seller
107.181.187.120:28847:zengboling:GWjn3jj53fc,2020-06-10T18:28:28.462Z,proxy-seller
107.181.187.120:28857:zengboling:GWjn3jj53fc,2020-06-10T18:28:28.462Z,proxy-seller
107.181.187.120:28871:zengboling:GWjn3jj53fc,2020-06-10T18:28:28.462Z,proxy-seller
107.181.187.120:28882:zengboling:GWjn3jj53fc,2020-06-10T18:28:28.462Z,proxy-seller
107.181.187.120:28836:zengboling:GWjn3jj53fc,2020-06-10T18:28:28.462Z,proxy-seller
107.181.187.120:28828:zengboling:GWjn3jj53fc,2020-06-10T18:28:28.462Z,proxy-seller
107.181.187.120:28832:zengboling:GWjn3jj53fc,2020-06-10T18:28:28.462Z,proxy-seller
107.181.187.120:28849:zengboling:GWjn3jj53fc,2020-06-10T18:28:28.462Z,proxy-seller
107.181.187.120:28835:zengboling:GWjn3jj53fc,2020-06-10T18:28:28.462Z,proxy-seller
107.181.187.120:28876:zengboling:GWjn3jj53fc,2020-06-10T18:28:28.462Z,proxy-seller
107.181.187.120:28839:zengboling:GWjn3jj53fc,2020-06-10T18:28:28.462Z,proxy-seller
107.181.187.120:28879:zengboling:GWjn3jj53fc,2020-06-10T18:28:28.462Z,proxy-seller
107.181.187.120:28841:zengboling:GWjn3jj53fc,2020-06-10T18:28:28.462Z,proxy-seller
107.181.187.120:28880:zengboling:GWjn3jj53fc,2020-06-10T18:28:28.462Z,proxy-seller
107.181.187.120:28881:zengboling:GWjn3jj53fc,2020-06-10T18:28:28.462Z,proxy-seller
107.181.187.120:28912:zengboling:GWjn3jj53fc,2020-06-10T18:28:28.462Z,proxy-seller
107.181.187.120:28897:zengboling:GWjn3jj53fc,2020-06-10T18:28:28.462Z,proxy-seller
107.181.187.120:28891:zengboling:GWjn3jj53fc,2020-06-10T18:28:28.462Z,proxy-seller
107.181.187.120:28904:zengboling:GWjn3jj53fc,2020-06-10T18:28:28.462Z,proxy-seller
107.181.187.120:28900:zengboling:GWjn3jj53fc,2020-06-10T18:28:28.462Z,proxy-seller
107.181.187.120:28913:zengboling:GWjn3jj53fc,2020-06-10T18:28:28.462Z,proxy-seller
107.181.187.120:28922:zengboling:GWjn3jj53fc,2020-06-10T18:28:28.462Z,proxy-seller
107.181.187.120:28892:zengboling:GWjn3jj53fc,2020-06-10T18:28:28.462Z,proxy-seller
107.181.187.120:28914:zengboling:GWjn3jj53fc,2020-06-10T18:28:28.462Z,proxy-seller
107.181.187.120:28911:zengboling:GWjn3jj53fc,2020-06-10T18:28:28.462Z,proxy-seller
107.181.187.120:28905:zengboling:GWjn3jj53fc,2020-06-10T18:28:28.462Z,proxy-seller
107.181.187.120:28916:zengboling:GWjn3jj53fc,2020-06-10T18:28:28.462Z,proxy-seller
107.181.187.120:28917:zengboling:GWjn3jj53fc,2020-06-10T18:28:28.462Z,proxy-seller
107.181.187.120:28896:zengboling:GWjn3jj53fc,2020-06-10T18:28:28.462Z,proxy-seller
107.181.187.120:28890:zengboling:GWjn3jj53fc,2020-06-10T18:28:28.462Z,proxy-seller
107.181.187.120:28888:zengboling:GWjn3jj53fc,2020-06-10T18:28:28.462Z,proxy-seller
107.181.187.120:28889:zengboling:GWjn3jj53fc,2020-06-10T18:28:28.462Z,proxy-seller
107.181.187.120:28915:zengboling:GWjn3jj53fc,2020-06-10T18:28:28.462Z,proxy-seller
107.181.187.120:28909:zengboling:GWjn3jj53fc,2020-06-10T18:28:28.462Z,proxy-seller
107.181.187.120:28901:zengboling:GWjn3jj53fc,2020-06-10T18:28:28.462Z,proxy-seller
107.181.187.120:28894:zengboling:GWjn3jj53fc,2020-06-10T18:28:28.462Z,proxy-seller
107.181.187.120:28903:zengboling:GWjn3jj53fc,2020-06-10T18:28:28.462Z,proxy-seller
107.181.187.120:28906:zengboling:GWjn3jj53fc,2020-06-10T18:28:28.462Z,proxy-seller
107.181.187.120:28902:zengboling:GWjn3jj53fc,2020-06-10T18:28:28.462Z,proxy-seller
107.181.187.120:28893:zengboling:GWjn3jj53fc,2020-06-10T18:28:28.462Z,proxy-seller
107.181.187.120:28910:zengboling:GWjn3jj53fc,2020-06-10T18:28:28.462Z,proxy-seller
107.181.187.120:28899:zengboling:GWjn3jj53fc,2020-06-10T18:28:28.462Z,proxy-seller
107.181.187.120:28919:zengboling:GWjn3jj53fc,2020-06-10T18:28:28.462Z,proxy-seller
107.181.187.120:28923:zengboling:GWjn3jj53fc,2020-06-10T18:28:28.462Z,proxy-seller
107.181.187.120:28918:zengboling:GWjn3jj53fc,2020-06-10T18:28:28.462Z,proxy-seller
107.181.187.120:28907:zengboling:GWjn3jj53fc,2020-06-10T18:28:28.462Z,proxy-seller
107.181.187.120:28908:zengboling:GWjn3jj53fc,2020-06-10T18:28:28.462Z,proxy-seller
107.181.187.120:28921:zengboling:GWjn3jj53fc,2020-06-10T18:28:28.462Z,proxy-seller
107.181.187.120:28895:zengboling:GWjn3jj53fc,2020-06-10T18:28:28.462Z,proxy-seller
107.181.187.120:28898:zengboling:GWjn3jj53fc,2020-06-10T18:28:28.462Z,proxy-seller
107.181.187.120:28920:zengboling:GWjn3jj53fc,2020-06-10T18:28:28.462Z,proxy-seller
107.181.187.195:15275:zengboling:sfeg123g,2020-07-19T07:04:17.383Z,proxy-seller
107.181.187.195:15276:zengboling:sfeg123g,2020-07-19T07:04:17.383Z,proxy-seller
107.181.187.195:15277:zengboling:sfeg123g,2020-07-19T07:04:17.383Z,proxy-seller
107.181.187.195:15278:zengboling:sfeg123g,2020-07-19T07:04:17.383Z,proxy-seller
107.181.187.195:15279:zengboling:sfeg123g,2020-07-19T07:04:17.383Z,proxy-seller
107.181.187.195:15280:zengboling:sfeg123g,2020-07-19T07:04:17.383Z,proxy-seller
107.181.187.195:15281:zengboling:sfeg123g,2020-07-19T07:04:17.383Z,proxy-seller
107.181.187.195:15282:zengboling:sfeg123g,2020-07-19T07:04:17.383Z,proxy-seller
107.181.187.195:15283:zengboling:sfeg123g,2020-07-19T07:04:17.383Z,proxy-seller
107.181.187.195:15284:zengboling:sfeg123g,2020-07-19T07:04:17.383Z,proxy-seller
107.181.187.195:15285:zengboling:sfeg123g,2020-07-19T07:04:17.383Z,proxy-seller
107.181.187.195:15286:zengboling:sfeg123g,2020-07-19T07:04:17.383Z,proxy-seller
107.181.187.195:15287:zengboling:sfeg123g,2020-07-19T07:04:17.383Z,proxy-seller
107.181.187.195:15288:zengboling:sfeg123g,2020-07-19T07:04:17.383Z,proxy-seller
107.181.187.195:15289:zengboling:sfeg123g,2020-07-19T07:04:17.383Z,proxy-seller
107.181.187.195:15290:zengboling:sfeg123g,2020-07-19T07:04:17.383Z,proxy-seller
107.181.187.195:15291:zengboling:sfeg123g,2020-07-19T07:04:17.383Z,proxy-seller
107.181.187.195:15292:zengboling:sfeg123g,2020-07-19T07:04:17.383Z,proxy-seller
107.181.187.195:15293:zengboling:sfeg123g,2020-07-19T07:04:17.383Z,proxy-seller
107.181.187.195:15294:zengboling:sfeg123g,2020-07-19T07:04:17.383Z,proxy-seller
107.181.187.195:15295:zengboling:sfeg123g,2020-07-19T07:04:17.383Z,proxy-seller
107.181.187.195:15296:zengboling:sfeg123g,2020-07-19T07:04:17.383Z,proxy-seller
107.181.187.195:15297:zengboling:sfeg123g,2020-07-19T07:04:17.383Z,proxy-seller
107.181.187.195:15298:zengboling:sfeg123g,2020-07-19T07:04:17.383Z,proxy-seller
107.181.187.195:15299:zengboling:sfeg123g,2020-07-19T07:04:17.383Z,proxy-seller
107.181.187.195:15300:zengboling:sfeg123g,2020-07-19T07:04:17.383Z,proxy-seller
107.181.187.195:15301:zengboling:sfeg123g,2020-07-19T07:04:17.383Z,proxy-seller
107.181.187.195:15302:zengboling:sfeg123g,2020-07-19T07:04:17.383Z,proxy-seller
107.181.187.195:15303:zengboling:sfeg123g,2020-07-19T07:04:17.383Z,proxy-seller
107.181.187.195:15304:zengboling:sfeg123g,2020-07-19T07:04:17.383Z,proxy-seller
107.181.187.195:15305:zengboling:sfeg123g,2020-07-19T07:04:17.383Z,proxy-seller
107.181.187.195:15306:zengboling:sfeg123g,2020-07-19T07:04:17.383Z,proxy-seller
107.181.187.195:15307:zengboling:sfeg123g,2020-07-19T07:04:17.383Z,proxy-seller
107.181.187.195:15308:zengboling:sfeg123g,2020-07-19T07:04:17.383Z,proxy-seller
107.181.187.195:15309:zengboling:sfeg123g,2020-07-19T07:04:17.383Z,proxy-seller
107.181.187.195:15310:zengboling:sfeg123g,2020-07-19T07:04:17.383Z,proxy-seller
107.181.187.195:15311:zengboling:sfeg123g,2020-07-19T07:04:17.383Z,proxy-seller
107.181.187.195:15312:zengboling:sfeg123g,2020-07-19T07:04:17.383Z,proxy-seller
107.181.187.195:15313:zengboling:sfeg123g,2020-07-19T07:04:17.383Z,proxy-seller
107.181.187.195:15314:zengboling:sfeg123g,2020-07-19T07:04:17.383Z,proxy-seller
107.181.187.195:15315:zengboling:sfeg123g,2020-07-19T07:04:17.383Z,proxy-seller
107.181.187.195:15316:zengboling:sfeg123g,2020-07-19T07:04:17.383Z,proxy-seller
107.181.187.195:15317:zengboling:sfeg123g,2020-07-19T07:04:17.383Z,proxy-seller
107.181.187.195:15318:zengboling:sfeg123g,2020-07-19T07:04:17.383Z,proxy-seller
107.181.187.195:15319:zengboling:sfeg123g,2020-07-19T07:04:17.383Z,proxy-seller
107.181.187.195:15320:zengboling:sfeg123g,2020-07-19T07:04:17.383Z,proxy-seller
107.181.187.195:15321:zengboling:sfeg123g,2020-07-19T07:04:17.383Z,proxy-seller
107.181.187.195:15322:zengboling:sfeg123g,2020-07-19T07:04:17.383Z,proxy-seller
107.181.187.195:15323:zengboling:sfeg123g,2020-07-19T07:04:17.383Z,proxy-seller
107.181.187.195:15324:zengboling:sfeg123g,2020-07-19T07:04:17.383Z,proxy-seller
142.54.160.122:19010,2020-07-20T04:27:52.860Z,stormproxies
107.150.35.202:19005,2020-07-20T04:27:52.860Z,stormproxies
74.121.191.58:19005,2020-07-20T04:27:52.860Z,stormproxies
192.187.126.98:19004,2020-07-20T04:27:52.860Z,stormproxies
69.30.217.114:19014,2020-07-20T04:27:52.860Z,stormproxies
us.smartproxy.com:20000,2020-07-20T20:21:07.619Z,smartproxy
us.smartproxy.com:20001,2020-07-20T20:21:07.619Z,smartproxy
us.smartproxy.com:20002,2020-07-20T20:21:07.619Z,smartproxy
us.smartproxy.com:20003,2020-07-20T20:21:07.619Z,smartproxy
us.smartproxy.com:20004,2020-07-20T20:21:07.619Z,smartproxy
us.smartproxy.com:20005,2020-07-20T20:21:07.619Z,smartproxy
us.smartproxy.com:20006,2020-07-20T20:21:07.619Z,smartproxy
us.smartproxy.com:20007,2020-07-20T20:21:07.619Z,smartproxy
us.smartproxy.com:20008,2020-07-20T20:21:07.619Z,smartproxy
us.smartproxy.com:20009,2020-07-20T20:21:07.619Z,smartproxy
us.smartproxy.com:20010,2020-07-20T20:21:07.619Z,smartproxy
us.smartproxy.com:20011,2020-07-20T20:21:07.619Z,smartproxy
us.smartproxy.com:20012,2020-07-20T20:21:07.619Z,smartproxy
us.smartproxy.com:20013,2020-07-20T20:21:07.619Z,smartproxy
us.smartproxy.com:20014,2020-07-20T20:21:07.619Z,smartproxy
us.smartproxy.com:20015,2020-07-20T20:21:07.619Z,smartproxy
us.smartproxy.com:20016,2020-07-20T20:21:07.619Z,smartproxy
us.smartproxy.com:20017,2020-07-20T20:21:07.619Z,smartproxy
us.smartproxy.com:20018,2020-07-20T20:21:07.619Z,smartproxy
us.smartproxy.com:20019,2020-07-20T20:21:07.619Z,smartproxy
us.smartproxy.com:20020,2020-07-20T20:21:07.619Z,smartproxy
us.smartproxy.com:20021,2020-07-20T20:21:07.619Z,smartproxy
us.smartproxy.com:20022,2020-07-20T20:21:07.619Z,smartproxy
us.smartproxy.com:20023,2020-07-20T20:21:07.619Z,smartproxy
us.smartproxy.com:20024,2020-07-20T20:21:07.619Z,smartproxy
us.smartproxy.com:20025,2020-07-20T20:21:07.619Z,smartproxy
us.smartproxy.com:20026,2020-07-20T20:21:07.619Z,smartproxy
us.smartproxy.com:20027,2020-07-20T20:21:07.619Z,smartproxy
us.smartproxy.com:20028,2020-07-20T20:21:07.619Z,smartproxy
us.smartproxy.com:20029,2020-07-20T20:21:07.619Z,smartproxy
us.smartproxy.com:20030,2020-07-20T20:21:07.619Z,smartproxy
us.smartproxy.com:20031,2020-07-20T20:21:07.619Z,smartproxy
us.smartproxy.com:20032,2020-07-20T20:21:07.619Z,smartproxy
us.smartproxy.com:20033,2020-07-20T20:21:07.619Z,smartproxy
us.smartproxy.com:20034,2020-07-20T20:21:07.619Z,smartproxy
us.smartproxy.com:20035,2020-07-20T20:21:07.619Z,smartproxy
us.smartproxy.com:20036,2020-07-20T20:21:07.619Z,smartproxy
us.smartproxy.com:20037,2020-07-20T20:21:07.619Z,smartproxy
us.smartproxy.com:20038,2020-07-20T20:21:07.619Z,smartproxy
us.smartproxy.com:20039,2020-07-20T20:21:07.619Z,smartproxy
us.smartproxy.com:20040,2020-07-20T20:21:07.619Z,smartproxy
us.smartproxy.com:20041,2020-07-20T20:21:07.619Z,smartproxy
us.smartproxy.com:20042,2020-07-20T20:21:07.619Z,smartproxy
us.smartproxy.com:20043,2020-07-20T20:21:07.619Z,smartproxy
us.smartproxy.com:20044,2020-07-20T20:21:07.619Z,smartproxy
us.smartproxy.com:20045,2020-07-20T20:21:07.619Z,smartproxy
us.smartproxy.com:20046,2020-07-20T20:21:07.619Z,smartproxy
us.smartproxy.com:20047,2020-07-20T20:21:07.619Z,smartproxy
us.smartproxy.com:20048,2020-07-20T20:21:07.619Z,smartproxy
us.smartproxy.com:20049,2020-07-20T20:21:07.619Z,smartproxy
us.smartproxy.com:20050,2020-07-20T20:21:07.619Z,smartproxy
us.smartproxy.com:20051,2020-07-20T20:21:07.619Z,smartproxy
us.smartproxy.com:20052,2020-07-20T20:21:07.619Z,smartproxy
us.smartproxy.com:20053,2020-07-20T20:21:07.619Z,smartproxy
us.smartproxy.com:20054,2020-07-20T20:21:07.619Z,smartproxy
us.smartproxy.com:20055,2020-07-20T20:21:07.619Z,smartproxy
us.smartproxy.com:20056,2020-07-20T20:21:07.619Z,smartproxy
us.smartproxy.com:20057,2020-07-20T20:21:07.620Z,smartproxy
us.smartproxy.com:20058,2020-07-20T20:21:07.620Z,smartproxy
us.smartproxy.com:20059,2020-07-20T20:21:07.620Z,smartproxy
us.smartproxy.com:20060,2020-07-20T20:21:07.620Z,smartproxy
us.smartproxy.com:20061,2020-07-20T20:21:07.620Z,smartproxy
us.smartproxy.com:20062,2020-07-20T20:21:07.620Z,smartproxy
us.smartproxy.com:20063,2020-07-20T20:21:07.620Z,smartproxy
us.smartproxy.com:20064,2020-07-20T20:21:07.620Z,smartproxy
us.smartproxy.com:20065,2020-07-20T20:21:07.621Z,smartproxy
us.smartproxy.com:20066,2020-07-20T20:21:07.621Z,smartproxy
us.smartproxy.com:20067,2020-07-20T20:21:07.621Z,smartproxy
us.smartproxy.com:20068,2020-07-20T20:21:07.621Z,smartproxy
us.smartproxy.com:20069,2020-07-20T20:21:07.621Z,smartproxy
us.smartproxy.com:20070,2020-07-20T20:21:07.621Z,smartproxy
us.smartproxy.com:20071,2020-07-20T20:21:07.621Z,smartproxy
us.smartproxy.com:20072,2020-07-20T20:21:07.621Z,smartproxy
us.smartproxy.com:20073,2020-07-20T20:21:07.621Z,smartproxy
us.smartproxy.com:20074,2020-07-20T20:21:07.621Z,smartproxy
us.smartproxy.com:20075,2020-07-20T20:21:07.621Z,smartproxy
us.smartproxy.com:20076,2020-07-20T20:21:07.621Z,smartproxy
us.smartproxy.com:20077,2020-07-20T20:21:07.621Z,smartproxy
us.smartproxy.com:20078,2020-07-20T20:21:07.621Z,smartproxy
us.smartproxy.com:20079,2020-07-20T20:21:07.621Z,smartproxy
us.smartproxy.com:20080,2020-07-20T20:21:07.621Z,smartproxy
us.smartproxy.com:20081,2020-07-20T20:21:07.621Z,smartproxy
us.smartproxy.com:20082,2020-07-20T20:21:07.621Z,smartproxy
us.smartproxy.com:20083,2020-07-20T20:21:07.621Z,smartproxy
us.smartproxy.com:20084,2020-07-20T20:21:07.621Z,smartproxy
us.smartproxy.com:20085,2020-07-20T20:21:07.621Z,smartproxy
us.smartproxy.com:20086,2020-07-20T20:21:07.621Z,smartproxy
us.smartproxy.com:20087,2020-07-20T20:21:07.621Z,smartproxy
us.smartproxy.com:20088,2020-07-20T20:21:07.621Z,smartproxy
us.smartproxy.com:20089,2020-07-20T20:21:07.621Z,smartproxy
us.smartproxy.com:20090,2020-07-20T20:21:07.621Z,smartproxy
us.smartproxy.com:20091,2020-07-20T20:21:07.621Z,smartproxy
us.smartproxy.com:20092,2020-07-20T20:21:07.621Z,smartproxy
us.smartproxy.com:20093,2020-07-20T20:21:07.621Z,smartproxy
us.smartproxy.com:20094,2020-07-20T20:21:07.621Z,smartproxy
us.smartproxy.com:20095,2020-07-20T20:21:07.621Z,smartproxy
us.smartproxy.com:20096,2020-07-20T20:21:07.621Z,smartproxy
us.smartproxy.com:20097,2020-07-20T20:21:07.621Z,smartproxy
us.smartproxy.com:20098,2020-07-20T20:21:07.621Z,smartproxy
us.smartproxy.com:20099,2020-07-20T20:21:07.621Z,smartproxy
us.smartproxy.com:20100,2020-07-21T01:00:17.408Z,smartproxy
us.smartproxy.com:20101,2020-07-21T01:00:17.408Z,smartproxy
us.smartproxy.com:20102,2020-07-21T01:00:17.408Z,smartproxy
us.smartproxy.com:20103,2020-07-21T01:00:17.408Z,smartproxy
us.smartproxy.com:20104,2020-07-21T01:00:17.408Z,smartproxy
us.smartproxy.com:20105,2020-07-21T01:00:17.408Z,smartproxy
us.smartproxy.com:20106,2020-07-21T01:00:17.408Z,smartproxy
us.smartproxy.com:20107,2020-07-21T01:00:17.408Z,smartproxy
us.smartproxy.com:20108,2020-07-21T01:00:17.408Z,smartproxy
us.smartproxy.com:20109,2020-07-21T01:00:17.408Z,smartproxy
us.smartproxy.com:20110,2020-07-21T01:00:17.408Z,smartproxy
us.smartproxy.com:20111,2020-07-21T01:00:17.408Z,smartproxy
us.smartproxy.com:20112,2020-07-21T01:00:17.408Z,smartproxy
us.smartproxy.com:20113,2020-07-21T01:00:17.408Z,smartproxy
us.smartproxy.com:20114,2020-07-21T01:00:17.408Z,smartproxy
us.smartproxy.com:20115,2020-07-21T01:00:17.408Z,smartproxy
us.smartproxy.com:20116,2020-07-21T01:00:17.408Z,smartproxy
us.smartproxy.com:20117,2020-07-21T01:00:17.408Z,smartproxy
us.smartproxy.com:20118,2020-07-21T01:00:17.408Z,smartproxy
us.smartproxy.com:20119,2020-07-21T01:00:17.408Z,smartproxy
us.smartproxy.com:20120,2020-07-21T01:00:17.408Z,smartproxy
us.smartproxy.com:20121,2020-07-21T01:00:17.408Z,smartproxy
us.smartproxy.com:20122,2020-07-21T01:00:17.408Z,smartproxy
us.smartproxy.com:20123,2020-07-21T01:00:17.408Z,smartproxy
us.smartproxy.com:20124,2020-07-21T01:00:17.408Z,smartproxy
us.smartproxy.com:20125,2020-07-21T01:00:17.408Z,smartproxy
us.smartproxy.com:20126,2020-07-21T01:00:17.408Z,smartproxy
us.smartproxy.com:20127,2020-07-21T01:00:17.408Z,smartproxy
us.smartproxy.com:20128,2020-07-21T01:00:17.408Z,smartproxy
us.smartproxy.com:20129,2020-07-21T01:00:17.408Z,smartproxy
us.smartproxy.com:20130,2020-07-21T01:00:17.408Z,smartproxy
us.smartproxy.com:20131,2020-07-21T01:00:17.408Z,smartproxy
us.smartproxy.com:20132,2020-07-21T01:00:17.408Z,smartproxy
us.smartproxy.com:20133,2020-07-21T01:00:17.408Z,smartproxy
us.smartproxy.com:20134,2020-07-21T01:00:17.408Z,smartproxy
us.smartproxy.com:20135,2020-07-21T01:00:17.408Z,smartproxy
us.smartproxy.com:20136,2020-07-21T01:00:17.408Z,smartproxy
us.smartproxy.com:20137,2020-07-21T01:00:17.408Z,smartproxy
us.smartproxy.com:20138,2020-07-21T01:00:17.408Z,smartproxy
us.smartproxy.com:20139,2020-07-21T01:00:17.408Z,smartproxy
us.smartproxy.com:20140,2020-07-21T01:00:17.408Z,smartproxy
us.smartproxy.com:20141,2020-07-21T01:00:17.408Z,smartproxy
us.smartproxy.com:20142,2020-07-21T01:00:17.408Z,smartproxy
us.smartproxy.com:20143,2020-07-21T01:00:17.408Z,smartproxy
us.smartproxy.com:20144,2020-07-21T01:00:17.408Z,smartproxy
us.smartproxy.com:20145,2020-07-21T01:00:17.408Z,smartproxy
us.smartproxy.com:20146,2020-07-21T01:00:17.408Z,smartproxy
us.smartproxy.com:20147,2020-07-21T01:00:17.408Z,smartproxy
us.smartproxy.com:20148,2020-07-21T01:00:17.408Z,smartproxy
us.smartproxy.com:20149,2020-07-21T01:00:17.408Z,smartproxy
us.smartproxy.com:20150,2020-07-21T01:00:17.408Z,smartproxy
us.smartproxy.com:20151,2020-07-21T01:00:17.408Z,smartproxy
us.smartproxy.com:20152,2020-07-21T01:00:17.408Z,smartproxy
us.smartproxy.com:20153,2020-07-21T01:00:17.408Z,smartproxy
us.smartproxy.com:20154,2020-07-21T01:00:17.408Z,smartproxy
us.smartproxy.com:20155,2020-07-21T01:00:17.408Z,smartproxy
us.smartproxy.com:20156,2020-07-21T01:00:17.408Z,smartproxy
us.smartproxy.com:20157,2020-07-21T01:00:17.408Z,smartproxy
us.smartproxy.com:20158,2020-07-21T01:00:17.408Z,smartproxy
us.smartproxy.com:20159,2020-07-21T01:00:17.408Z,smartproxy
us.smartproxy.com:20160,2020-07-21T01:00:17.408Z,smartproxy
us.smartproxy.com:20161,2020-07-21T01:00:17.408Z,smartproxy
us.smartproxy.com:20162,2020-07-21T01:00:17.408Z,smartproxy
us.smartproxy.com:20163,2020-07-21T01:00:17.408Z,smartproxy
us.smartproxy.com:20164,2020-07-21T01:00:17.408Z,smartproxy
us.smartproxy.com:20165,2020-07-21T01:00:17.408Z,smartproxy
us.smartproxy.com:20166,2020-07-21T01:00:17.408Z,smartproxy
us.smartproxy.com:20167,2020-07-21T01:00:17.408Z,smartproxy
us.smartproxy.com:20168,2020-07-21T01:00:17.408Z,smartproxy
us.smartproxy.com:20169,2020-07-21T01:00:17.408Z,smartproxy
us.smartproxy.com:20170,2020-07-21T01:00:17.408Z,smartproxy
us.smartproxy.com:20171,2020-07-21T01:00:17.408Z,smartproxy
us.smartproxy.com:20172,2020-07-21T01:00:17.408Z,smartproxy
us.smartproxy.com:20173,2020-07-21T01:00:17.408Z,smartproxy
us.smartproxy.com:20174,2020-07-21T01:00:17.408Z,smartproxy
us.smartproxy.com:20175,2020-07-21T01:00:17.408Z,smartproxy
us.smartproxy.com:20176,2020-07-21T01:00:17.408Z,smartproxy
us.smartproxy.com:20177,2020-07-21T01:00:17.408Z,smartproxy
us.smartproxy.com:20178,2020-07-21T01:00:17.408Z,smartproxy
us.smartproxy.com:20179,2020-07-21T01:00:17.408Z,smartproxy
us.smartproxy.com:20180,2020-07-21T01:00:17.408Z,smartproxy
us.smartproxy.com:20181,2020-07-21T01:00:17.408Z,smartproxy
us.smartproxy.com:20182,2020-07-21T01:00:17.408Z,smartproxy
us.smartproxy.com:20183,2020-07-21T01:00:17.408Z,smartproxy
us.smartproxy.com:20184,2020-07-21T01:00:17.408Z,smartproxy
us.smartproxy.com:20185,2020-07-21T01:00:17.408Z,smartproxy
us.smartproxy.com:20186,2020-07-21T01:00:17.408Z,smartproxy
us.smartproxy.com:20187,2020-07-21T01:00:17.408Z,smartproxy
us.smartproxy.com:20188,2020-07-21T01:00:17.408Z,smartproxy
us.smartproxy.com:20189,2020-07-21T01:00:17.408Z,smartproxy
us.smartproxy.com:20190,2020-07-21T01:00:17.408Z,smartproxy
us.smartproxy.com:20191,2020-07-21T01:00:17.408Z,smartproxy
us.smartproxy.com:20192,2020-07-21T01:00:17.408Z,smartproxy
us.smartproxy.com:20193,2020-07-21T01:00:17.408Z,smartproxy
us.smartproxy.com:20194,2020-07-21T01:00:17.408Z,smartproxy
us.smartproxy.com:20195,2020-07-21T01:00:17.408Z,smartproxy
us.smartproxy.com:20196,2020-07-21T01:00:17.408Z,smartproxy
us.smartproxy.com:20197,2020-07-21T01:00:17.408Z,smartproxy
us.smartproxy.com:20198,2020-07-21T01:00:17.408Z,smartproxy
us.smartproxy.com:20199,2020-07-21T01:00:17.408Z,smartproxy
us.smartproxy.com:20200,2020-07-21T01:00:17.408Z,smartproxy
us.smartproxy.com:20201,2020-07-21T01:00:17.408Z,smartproxy
us.smartproxy.com:20202,2020-07-21T01:00:17.408Z,smartproxy
us.smartproxy.com:20203,2020-07-21T01:00:17.408Z,smartproxy
us.smartproxy.com:20204,2020-07-21T01:00:17.408Z,smartproxy
us.smartproxy.com:20205,2020-07-21T01:00:17.408Z,smartproxy
us.smartproxy.com:20206,2020-07-21T01:00:17.408Z,smartproxy
us.smartproxy.com:20207,2020-07-21T01:00:17.408Z,smartproxy
us.smartproxy.com:20208,2020-07-21T01:00:17.408Z,smartproxy
us.smartproxy.com:20209,2020-07-21T01:00:17.408Z,smartproxy
us.smartproxy.com:20210,2020-07-21T01:00:17.408Z,smartproxy
us.smartproxy.com:20211,2020-07-21T01:00:17.408Z,smartproxy
us.smartproxy.com:20212,2020-07-21T01:00:17.408Z,smartproxy
us.smartproxy.com:20213,2020-07-21T01:00:17.408Z,smartproxy
us.smartproxy.com:20214,2020-07-21T01:00:17.408Z,smartproxy
us.smartproxy.com:20215,2020-07-21T01:00:17.408Z,smartproxy
us.smartproxy.com:20216,2020-07-21T01:00:17.408Z,smartproxy
us.smartproxy.com:20217,2020-07-21T01:00:17.408Z,smartproxy
us.smartproxy.com:20218,2020-07-21T01:00:17.408Z,smartproxy
us.smartproxy.com:20219,2020-07-21T01:00:17.408Z,smartproxy
us.smartproxy.com:20220,2020-07-21T01:00:17.408Z,smartproxy
us.smartproxy.com:20221,2020-07-21T01:00:17.408Z,smartproxy
us.smartproxy.com:20222,2020-07-21T01:00:17.408Z,smartproxy
us.smartproxy.com:20223,2020-07-21T01:00:17.408Z,smartproxy
us.smartproxy.com:20224,2020-07-21T01:00:17.408Z,smartproxy
us.smartproxy.com:20225,2020-07-21T01:00:17.408Z,smartproxy
us.smartproxy.com:20226,2020-07-21T01:00:17.408Z,smartproxy
us.smartproxy.com:20227,2020-07-21T01:00:17.408Z,smartproxy
us.smartproxy.com:20228,2020-07-21T01:00:17.408Z,smartproxy
us.smartproxy.com:20229,2020-07-21T01:00:17.408Z,smartproxy
us.smartproxy.com:20230,2020-07-21T01:00:17.408Z,smartproxy
us.smartproxy.com:20231,2020-07-21T01:00:17.408Z,smartproxy
us.smartproxy.com:20232,2020-07-21T01:00:17.408Z,smartproxy
us.smartproxy.com:20233,2020-07-21T01:00:17.408Z,smartproxy
us.smartproxy.com:20234,2020-07-21T01:00:17.408Z,smartproxy
us.smartproxy.com:20235,2020-07-21T01:00:17.408Z,smartproxy
us.smartproxy.com:20236,2020-07-21T01:00:17.408Z,smartproxy
us.smartproxy.com:20237,2020-07-21T01:00:17.408Z,smartproxy
us.smartproxy.com:20238,2020-07-21T01:00:17.408Z,smartproxy
us.smartproxy.com:20239,2020-07-21T01:00:17.408Z,smartproxy
us.smartproxy.com:20240,2020-07-21T01:00:17.408Z,smartproxy
us.smartproxy.com:20241,2020-07-21T01:00:17.408Z,smartproxy
us.smartproxy.com:20242,2020-07-21T01:00:17.408Z,smartproxy
us.smartproxy.com:20243,2020-07-21T01:00:17.408Z,smartproxy
us.smartproxy.com:20244,2020-07-21T01:00:17.408Z,smartproxy
us.smartproxy.com:20245,2020-07-21T01:00:17.408Z,smartproxy
us.smartproxy.com:20246,2020-07-21T01:00:17.408Z,smartproxy
us.smartproxy.com:20247,2020-07-21T01:00:17.408Z,smartproxy
us.smartproxy.com:20248,2020-07-21T01:00:17.408Z,smartproxy
us.smartproxy.com:20249,2020-07-21T01:00:17.408Z,smartproxy
us.smartproxy.com:20250,2020-07-21T01:00:17.408Z,smartproxy
us.smartproxy.com:20251,2020-07-21T01:00:17.408Z,smartproxy
us.smartproxy.com:20252,2020-07-21T01:00:17.408Z,smartproxy
us.smartproxy.com:20253,2020-07-21T01:00:17.408Z,smartproxy
us.smartproxy.com:20254,2020-07-21T01:00:17.408Z,smartproxy
us.smartproxy.com:20255,2020-07-21T01:00:17.408Z,smartproxy
us.smartproxy.com:20256,2020-07-21T01:00:17.408Z,smartproxy
us.smartproxy.com:20257,2020-07-21T01:00:17.408Z,smartproxy
us.smartproxy.com:20258,2020-07-21T01:00:17.408Z,smartproxy
us.smartproxy.com:20259,2020-07-21T01:00:17.408Z,smartproxy
us.smartproxy.com:20260,2020-07-21T01:00:17.408Z,smartproxy
us.smartproxy.com:20261,2020-07-21T01:00:17.408Z,smartproxy
us.smartproxy.com:20262,2020-07-21T01:00:17.408Z,smartproxy
us.smartproxy.com:20263,2020-07-21T01:00:17.408Z,smartproxy
us.smartproxy.com:20264,2020-07-21T01:00:17.408Z,smartproxy
us.smartproxy.com:20265,2020-07-21T01:00:17.408Z,smartproxy
us.smartproxy.com:20266,2020-07-21T01:00:17.408Z,smartproxy
us.smartproxy.com:20267,2020-07-21T01:00:17.408Z,smartproxy
us.smartproxy.com:20268,2020-07-21T01:00:17.408Z,smartproxy
us.smartproxy.com:20269,2020-07-21T01:00:17.408Z,smartproxy
us.smartproxy.com:20270,2020-07-21T01:00:17.408Z,smartproxy
us.smartproxy.com:20271,2020-07-21T01:00:17.408Z,smartproxy
us.smartproxy.com:20272,2020-07-21T01:00:17.408Z,smartproxy
us.smartproxy.com:20273,2020-07-21T01:00:17.408Z,smartproxy
us.smartproxy.com:20274,2020-07-21T01:00:17.408Z,smartproxy
us.smartproxy.com:20275,2020-07-21T01:00:17.408Z,smartproxy
us.smartproxy.com:20276,2020-07-21T01:00:17.408Z,smartproxy
us.smartproxy.com:20277,2020-07-21T01:00:17.408Z,smartproxy
us.smartproxy.com:20278,2020-07-21T01:00:17.408Z,smartproxy
us.smartproxy.com:20279,2020-07-21T01:00:17.408Z,smartproxy
us.smartproxy.com:20280,2020-07-21T01:00:17.408Z,smartproxy
us.smartproxy.com:20281,2020-07-21T01:00:17.408Z,smartproxy
us.smartproxy.com:20282,2020-07-21T01:00:17.408Z,smartproxy
us.smartproxy.com:20283,2020-07-21T01:00:17.408Z,smartproxy
us.smartproxy.com:20284,2020-07-21T01:00:17.408Z,smartproxy
us.smartproxy.com:20285,2020-07-21T01:00:17.408Z,smartproxy
us.smartproxy.com:20286,2020-07-21T01:00:17.408Z,smartproxy
us.smartproxy.com:20287,2020-07-21T01:00:17.408Z,smartproxy
us.smartproxy.com:20288,2020-07-21T01:00:17.408Z,smartproxy
us.smartproxy.com:20289,2020-07-21T01:00:17.408Z,smartproxy
us.smartproxy.com:20290,2020-07-21T01:00:17.408Z,smartproxy
us.smartproxy.com:20291,2020-07-21T01:00:17.408Z,smartproxy
us.smartproxy.com:20292,2020-07-21T01:00:17.408Z,smartproxy
us.smartproxy.com:20293,2020-07-21T01:00:17.408Z,smartproxy
us.smartproxy.com:20294,2020-07-21T01:00:17.408Z,smartproxy
us.smartproxy.com:20295,2020-07-21T01:00:17.408Z,smartproxy
us.smartproxy.com:20296,2020-07-21T01:00:17.408Z,smartproxy
us.smartproxy.com:20297,2020-07-21T01:00:17.408Z,smartproxy
us.smartproxy.com:20298,2020-07-21T01:00:17.408Z,smartproxy
us.smartproxy.com:20299,2020-07-21T01:00:17.408Z,smartproxy
us.smartproxy.com:20300,2020-07-21T08:20:36.180Z,smartproxy
us.smartproxy.com:20301,2020-07-21T08:20:36.180Z,smartproxy
us.smartproxy.com:20302,2020-07-21T08:20:36.180Z,smartproxy
us.smartproxy.com:20303,2020-07-21T08:20:36.180Z,smartproxy
us.smartproxy.com:20304,2020-07-21T08:20:36.180Z,smartproxy
us.smartproxy.com:20305,2020-07-21T08:20:36.180Z,smartproxy
us.smartproxy.com:20306,2020-07-21T08:20:36.180Z,smartproxy
us.smartproxy.com:20307,2020-07-21T08:20:36.180Z,smartproxy
us.smartproxy.com:20308,2020-07-21T08:20:36.180Z,smartproxy
us.smartproxy.com:20309,2020-07-21T08:20:36.180Z,smartproxy
us.smartproxy.com:20310,2020-07-21T08:20:36.180Z,smartproxy
us.smartproxy.com:20311,2020-07-21T08:20:36.180Z,smartproxy
us.smartproxy.com:20312,2020-07-21T08:20:36.180Z,smartproxy
us.smartproxy.com:20313,2020-07-21T08:20:36.180Z,smartproxy
us.smartproxy.com:20314,2020-07-21T08:20:36.180Z,smartproxy
us.smartproxy.com:20315,2020-07-21T08:20:36.180Z,smartproxy
us.smartproxy.com:20316,2020-07-21T08:20:36.180Z,smartproxy
us.smartproxy.com:20317,2020-07-21T08:20:36.180Z,smartproxy
us.smartproxy.com:20318,2020-07-21T08:20:36.180Z,smartproxy
us.smartproxy.com:20319,2020-07-21T08:20:36.180Z,smartproxy
us.smartproxy.com:20320,2020-07-21T08:20:36.180Z,smartproxy
us.smartproxy.com:20321,2020-07-21T08:20:36.180Z,smartproxy
us.smartproxy.com:20322,2020-07-21T08:20:36.180Z,smartproxy
us.smartproxy.com:20323,2020-07-21T08:20:36.180Z,smartproxy
us.smartproxy.com:20324,2020-07-21T08:20:36.180Z,smartproxy
us.smartproxy.com:20325,2020-07-21T08:20:36.180Z,smartproxy
us.smartproxy.com:20326,2020-07-21T08:20:36.180Z,smartproxy
us.smartproxy.com:20327,2020-07-21T08:20:36.180Z,smartproxy
us.smartproxy.com:20328,2020-07-21T08:20:36.180Z,smartproxy
us.smartproxy.com:20329,2020-07-21T08:20:36.180Z,smartproxy
us.smartproxy.com:20330,2020-07-21T08:20:36.180Z,smartproxy
us.smartproxy.com:20331,2020-07-21T08:20:36.180Z,smartproxy
us.smartproxy.com:20332,2020-07-21T08:20:36.180Z,smartproxy
us.smartproxy.com:20333,2020-07-21T08:20:36.180Z,smartproxy
us.smartproxy.com:20334,2020-07-21T08:20:36.180Z,smartproxy
us.smartproxy.com:20335,2020-07-21T08:20:36.180Z,smartproxy
us.smartproxy.com:20336,2020-07-21T08:20:36.180Z,smartproxy
us.smartproxy.com:20337,2020-07-21T08:20:36.180Z,smartproxy
us.smartproxy.com:20338,2020-07-21T08:20:36.180Z,smartproxy
us.smartproxy.com:20339,2020-07-21T08:20:36.180Z,smartproxy
us.smartproxy.com:20340,2020-07-21T08:20:36.180Z,smartproxy
us.smartproxy.com:20341,2020-07-21T08:20:36.180Z,smartproxy
us.smartproxy.com:20342,2020-07-21T08:20:36.180Z,smartproxy
us.smartproxy.com:20343,2020-07-21T08:20:36.180Z,smartproxy
us.smartproxy.com:20344,2020-07-21T08:20:36.180Z,smartproxy
us.smartproxy.com:20345,2020-07-21T08:20:36.180Z,smartproxy
us.smartproxy.com:20346,2020-07-21T08:20:36.180Z,smartproxy
us.smartproxy.com:20347,2020-07-21T08:20:36.180Z,smartproxy
us.smartproxy.com:20348,2020-07-21T08:20:36.180Z,smartproxy
us.smartproxy.com:20349,2020-07-21T08:20:36.180Z,smartproxy
us.smartproxy.com:20350,2020-07-21T08:20:36.180Z,smartproxy
us.smartproxy.com:20351,2020-07-21T08:20:36.180Z,smartproxy
us.smartproxy.com:20352,2020-07-21T08:20:36.180Z,smartproxy
us.smartproxy.com:20353,2020-07-21T08:20:36.180Z,smartproxy
us.smartproxy.com:20354,2020-07-21T08:20:36.180Z,smartproxy
us.smartproxy.com:20355,2020-07-21T08:20:36.180Z,smartproxy
us.smartproxy.com:20356,2020-07-21T08:20:36.180Z,smartproxy
us.smartproxy.com:20357,2020-07-21T08:20:36.180Z,smartproxy
us.smartproxy.com:20358,2020-07-21T08:20:36.180Z,smartproxy
us.smartproxy.com:20359,2020-07-21T08:20:36.180Z,smartproxy
us.smartproxy.com:20360,2020-07-21T08:20:36.180Z,smartproxy
us.smartproxy.com:20361,2020-07-21T08:20:36.180Z,smartproxy
us.smartproxy.com:20362,2020-07-21T08:20:36.180Z,smartproxy
us.smartproxy.com:20363,2020-07-21T08:20:36.180Z,smartproxy
us.smartproxy.com:20364,2020-07-21T08:20:36.181Z,smartproxy
us.smartproxy.com:20365,2020-07-21T08:20:36.181Z,smartproxy
us.smartproxy.com:20366,2020-07-21T08:20:36.181Z,smartproxy
us.smartproxy.com:20367,2020-07-21T08:20:36.181Z,smartproxy
us.smartproxy.com:20368,2020-07-21T08:20:36.181Z,smartproxy
us.smartproxy.com:20369,2020-07-21T08:20:36.181Z,smartproxy
us.smartproxy.com:20370,2020-07-21T08:20:36.181Z,smartproxy
us.smartproxy.com:20371,2020-07-21T08:20:36.181Z,smartproxy
us.smartproxy.com:20372,2020-07-21T08:20:36.181Z,smartproxy
us.smartproxy.com:20373,2020-07-21T08:20:36.181Z,smartproxy
us.smartproxy.com:20374,2020-07-21T08:20:36.181Z,smartproxy
us.smartproxy.com:20375,2020-07-21T08:20:36.181Z,smartproxy
us.smartproxy.com:20376,2020-07-21T08:20:36.181Z,smartproxy
us.smartproxy.com:20377,2020-07-21T08:20:36.181Z,smartproxy
us.smartproxy.com:20378,2020-07-21T08:20:36.181Z,smartproxy
us.smartproxy.com:20379,2020-07-21T08:20:36.181Z,smartproxy
us.smartproxy.com:20380,2020-07-21T08:20:36.181Z,smartproxy
us.smartproxy.com:20381,2020-07-21T08:20:36.181Z,smartproxy
us.smartproxy.com:20382,2020-07-21T08:20:36.181Z,smartproxy
us.smartproxy.com:20383,2020-07-21T08:20:36.181Z,smartproxy
us.smartproxy.com:20384,2020-07-21T08:20:36.181Z,smartproxy
us.smartproxy.com:20385,2020-07-21T08:20:36.181Z,smartproxy
us.smartproxy.com:20386,2020-07-21T08:20:36.181Z,smartproxy
us.smartproxy.com:20387,2020-07-21T08:20:36.181Z,smartproxy
us.smartproxy.com:20388,2020-07-21T08:20:36.181Z,smartproxy
us.smartproxy.com:20389,2020-07-21T08:20:36.181Z,smartproxy
us.smartproxy.com:20390,2020-07-21T08:20:36.181Z,smartproxy
us.smartproxy.com:20391,2020-07-21T08:20:36.181Z,smartproxy
us.smartproxy.com:20392,2020-07-21T08:20:36.181Z,smartproxy
us.smartproxy.com:20393,2020-07-21T08:20:36.181Z,smartproxy
us.smartproxy.com:20394,2020-07-21T08:20:36.181Z,smartproxy
us.smartproxy.com:20395,2020-07-21T08:20:36.181Z,smartproxy
us.smartproxy.com:20396,2020-07-21T08:20:36.181Z,smartproxy
us.smartproxy.com:20397,2020-07-21T08:20:36.181Z,smartproxy
us.smartproxy.com:20398,2020-07-21T08:20:36.181Z,smartproxy
us.smartproxy.com:20399,2020-07-21T08:20:36.181Z,smartproxy
us.smartproxy.com:20400,2020-07-21T08:20:36.181Z,smartproxy
us.smartproxy.com:20401,2020-07-21T08:20:36.181Z,smartproxy
us.smartproxy.com:20402,2020-07-21T08:20:36.181Z,smartproxy
us.smartproxy.com:20403,2020-07-21T08:20:36.181Z,smartproxy
us.smartproxy.com:20404,2020-07-21T08:20:36.181Z,smartproxy
us.smartproxy.com:20405,2020-07-21T08:20:36.181Z,smartproxy
us.smartproxy.com:20406,2020-07-21T08:20:36.181Z,smartproxy
us.smartproxy.com:20407,2020-07-21T08:20:36.181Z,smartproxy
us.smartproxy.com:20408,2020-07-21T08:20:36.181Z,smartproxy
us.smartproxy.com:20409,2020-07-21T08:20:36.181Z,smartproxy
us.smartproxy.com:20410,2020-07-21T08:20:36.181Z,smartproxy
us.smartproxy.com:20411,2020-07-21T08:20:36.181Z,smartproxy
us.smartproxy.com:20412,2020-07-21T08:20:36.181Z,smartproxy
us.smartproxy.com:20413,2020-07-21T08:20:36.181Z,smartproxy
us.smartproxy.com:20414,2020-07-21T08:20:36.181Z,smartproxy
us.smartproxy.com:20415,2020-07-21T08:20:36.181Z,smartproxy
us.smartproxy.com:20416,2020-07-21T08:20:36.181Z,smartproxy
us.smartproxy.com:20417,2020-07-21T08:20:36.181Z,smartproxy
us.smartproxy.com:20418,2020-07-21T08:20:36.181Z,smartproxy
us.smartproxy.com:20419,2020-07-21T08:20:36.181Z,smartproxy
us.smartproxy.com:20420,2020-07-21T08:20:36.181Z,smartproxy
us.smartproxy.com:20421,2020-07-21T08:20:36.181Z,smartproxy
us.smartproxy.com:20422,2020-07-21T08:20:36.181Z,smartproxy
us.smartproxy.com:20423,2020-07-21T08:20:36.181Z,smartproxy
us.smartproxy.com:20424,2020-07-21T08:20:36.181Z,smartproxy
us.smartproxy.com:20425,2020-07-21T08:20:36.181Z,smartproxy
us.smartproxy.com:20426,2020-07-21T08:20:36.181Z,smartproxy
us.smartproxy.com:20427,2020-07-21T08:20:36.181Z,smartproxy
us.smartproxy.com:20428,2020-07-21T08:20:36.181Z,smartproxy
us.smartproxy.com:20429,2020-07-21T08:20:36.181Z,smartproxy
us.smartproxy.com:20430,2020-07-21T08:20:36.181Z,smartproxy
us.smartproxy.com:20431,2020-07-21T08:20:36.181Z,smartproxy
us.smartproxy.com:20432,2020-07-21T08:20:36.181Z,smartproxy
us.smartproxy.com:20433,2020-07-21T08:20:36.181Z,smartproxy
us.smartproxy.com:20434,2020-07-21T08:20:36.181Z,smartproxy
us.smartproxy.com:20435,2020-07-21T08:20:36.181Z,smartproxy
us.smartproxy.com:20436,2020-07-21T08:20:36.181Z,smartproxy
us.smartproxy.com:20437,2020-07-21T08:20:36.181Z,smartproxy
us.smartproxy.com:20438,2020-07-21T08:20:36.181Z,smartproxy
us.smartproxy.com:20439,2020-07-21T08:20:36.181Z,smartproxy
us.smartproxy.com:20440,2020-07-21T08:20:36.181Z,smartproxy
us.smartproxy.com:20441,2020-07-21T08:20:36.181Z,smartproxy
us.smartproxy.com:20442,2020-07-21T08:20:36.181Z,smartproxy
us.smartproxy.com:20443,2020-07-21T08:20:36.181Z,smartproxy
us.smartproxy.com:20444,2020-07-21T08:20:36.181Z,smartproxy
us.smartproxy.com:20445,2020-07-21T08:20:36.181Z,smartproxy
us.smartproxy.com:20446,2020-07-21T08:20:36.181Z,smartproxy
us.smartproxy.com:20447,2020-07-21T08:20:36.181Z,smartproxy
us.smartproxy.com:20448,2020-07-21T08:20:36.181Z,smartproxy
us.smartproxy.com:20449,2020-07-21T08:20:36.181Z,smartproxy
us.smartproxy.com:20450,2020-07-21T08:20:36.181Z,smartproxy
us.smartproxy.com:20451,2020-07-21T08:20:36.181Z,smartproxy
us.smartproxy.com:20452,2020-07-21T08:20:36.181Z,smartproxy
us.smartproxy.com:20453,2020-07-21T08:20:36.181Z,smartproxy
us.smartproxy.com:20454,2020-07-21T08:20:36.181Z,smartproxy
us.smartproxy.com:20455,2020-07-21T08:20:36.181Z,smartproxy
us.smartproxy.com:20456,2020-07-21T08:20:36.181Z,smartproxy
us.smartproxy.com:20457,2020-07-21T08:20:36.181Z,smartproxy
us.smartproxy.com:20458,2020-07-21T08:20:36.181Z,smartproxy
us.smartproxy.com:20459,2020-07-21T08:20:36.181Z,smartproxy
us.smartproxy.com:20460,2020-07-21T08:20:36.181Z,smartproxy
us.smartproxy.com:20461,2020-07-21T08:20:36.181Z,smartproxy
us.smartproxy.com:20462,2020-07-21T08:20:36.181Z,smartproxy
us.smartproxy.com:20463,2020-07-21T08:20:36.181Z,smartproxy
us.smartproxy.com:20464,2020-07-21T08:20:36.181Z,smartproxy
us.smartproxy.com:20465,2020-07-21T08:20:36.181Z,smartproxy
us.smartproxy.com:20466,2020-07-21T08:20:36.182Z,smartproxy
us.smartproxy.com:20467,2020-07-21T08:20:36.182Z,smartproxy
us.smartproxy.com:20468,2020-07-21T08:20:36.182Z,smartproxy
us.smartproxy.com:20469,2020-07-21T08:20:36.182Z,smartproxy
us.smartproxy.com:20470,2020-07-21T08:20:36.182Z,smartproxy
us.smartproxy.com:20471,2020-07-21T08:20:36.182Z,smartproxy
us.smartproxy.com:20472,2020-07-21T08:20:36.182Z,smartproxy
us.smartproxy.com:20473,2020-07-21T08:20:36.182Z,smartproxy
us.smartproxy.com:20474,2020-07-21T08:20:36.182Z,smartproxy
us.smartproxy.com:20475,2020-07-21T08:20:36.182Z,smartproxy
us.smartproxy.com:20476,2020-07-21T08:20:36.182Z,smartproxy
us.smartproxy.com:20477,2020-07-21T08:20:36.182Z,smartproxy
us.smartproxy.com:20478,2020-07-21T08:20:36.182Z,smartproxy
us.smartproxy.com:20479,2020-07-21T08:20:36.182Z,smartproxy
us.smartproxy.com:20480,2020-07-21T08:20:36.182Z,smartproxy
us.smartproxy.com:20481,2020-07-21T08:20:36.182Z,smartproxy
us.smartproxy.com:20482,2020-07-21T08:20:36.182Z,smartproxy
us.smartproxy.com:20483,2020-07-21T08:20:36.182Z,smartproxy
us.smartproxy.com:20484,2020-07-21T08:20:36.182Z,smartproxy
us.smartproxy.com:20485,2020-07-21T08:20:36.182Z,smartproxy
us.smartproxy.com:20486,2020-07-21T08:20:36.182Z,smartproxy
us.smartproxy.com:20487,2020-07-21T08:20:36.182Z,smartproxy
us.smartproxy.com:20488,2020-07-21T08:20:36.182Z,smartproxy
us.smartproxy.com:20489,2020-07-21T08:20:36.182Z,smartproxy
us.smartproxy.com:20490,2020-07-21T08:20:36.182Z,smartproxy
us.smartproxy.com:20491,2020-07-21T08:20:36.182Z,smartproxy
us.smartproxy.com:20492,2020-07-21T08:20:36.182Z,smartproxy
us.smartproxy.com:20493,2020-07-21T08:20:36.182Z,smartproxy
us.smartproxy.com:20494,2020-07-21T08:20:36.182Z,smartproxy
us.smartproxy.com:20495,2020-07-21T08:20:36.182Z,smartproxy
us.smartproxy.com:20496,2020-07-21T08:20:36.182Z,smartproxy
us.smartproxy.com:20497,2020-07-21T08:20:36.182Z,smartproxy
us.smartproxy.com:20498,2020-07-21T08:20:36.182Z,smartproxy
us.smartproxy.com:20499,2020-07-21T08:20:36.182Z,smartproxy
